[
    {
        "firstName": "Biswajit",
        "lastName": "Manna",
        "email": "Biswajit.Manna@cognizant.com",
        "mobile": "9836252196",
        "dob": "06/11/1989",
        "gender": "M",
        "houseNumber": "7/1/3",
        "land1": "Mohinath Porel Lane Salkia",
        "land2": "",
        "zipcode": "711106",
        "city": "Howrah",
        "state": "West Bengal",
        "country": "India",
        "username": "632927",
        "password": "nopass",
        "confirmPassword": "nopass",
        "termsCondition": true
    },
    {
        "firstName": "Biswajit",
        "lastName": "Manna",
        "email": "Biswajit.Manna@cognizant.com",
        "mobile": "9836252196",
        "dob": "06/11/1989",
        "gender": "M",
        "houseNumber": "7/1/3",
        "land1": "Mohinath Porel Lane Salkia",
        "land2": "",
        "zipcode": "711106",
        "city": "Howrah",
        "state": "West Bengal",
        "country": "India",
        "username": "632927",
        "password": "nopass",
        "confirmPassword": "nopass",
        "termsCondition": true
    },
    {
        "firstName": "Biswajit",
        "lastName": "Manna",
        "email": "Biswajit.Manna@cognizant.com",
        "mobile": "9836252196",
        "dob": "06/11/1989",
        "gender": "M",
        "houseNumber": "7/1/3",
        "land1": "Mohinath Porel Lane Salkia",
        "land2": "",
        "zipcode": "711106",
        "city": "Howrah",
        "state": "West Bengal",
        "country": "India",
        "username": "632927",
        "password": "nopass",
        "confirmPassword": "nopass",
        "termsCondition": true
    },
    {
        "firstName": "Biswajit",
        "lastName": "Manna",
        "email": "Biswajit.Manna@cognizant.com",
        "mobile": "9836252196",
        "dob": "06/11/1989",
        "gender": "M",
        "houseNumber": "7/1/3",
        "land1": "Mohinath Porel Lane Salkia",
        "land2": "",
        "zipcode": "711106",
        "city": "Howrah",
        "state": "West Bengal",
        "country": "India",
        "username": "632927",
        "password": "nopass",
        "confirmPassword": "nopass",
        "termsCondition": true
    },
    {
        "firstName": "Biswajit",
        "lastName": "Manna",
        "email": "Biswajit.Manna@cognizant.com",
        "mobile": "9836252196",
        "dob": "06/11/1989",
        "gender": "M",
        "houseNumber": "7/1/3",
        "land1": "Mohinath Porel Lane Salkia",
        "land2": "",
        "zipcode": "711106",
        "city": "Howrah",
        "state": "West Bengal",
        "country": "India",
        "username": "632927",
        "password": "nopass",
        "confirmPassword": "nopass",
        "termsCondition": true
    }
]